{
  "total_samples": 762,
  "classes": 37,
  "cv_accuracy": 0.8700787401574803,
  "train_accuracy": 0.9593175853018373,
  "trained_at": "2026-03-12T17:02:15.292467",
  "sklearn_version": "1.8.0"
}